area,gap_or_risk,severity,implemented_fix,remaining_action
Technical SEO,Single-page catalog alone can limit crawl depth for a large product set.,High,"Generated static product pages, category pages, sitemap.xml, robots.txt and canonical URLs.",Replace SITE_BASE_URL with the real deployed domain before production.
Product structured data,Product-rich results need valid Product/Offer markup.,High,Added JSON-LD Product markup to every product page.,Validate samples with Rich Results Test after deployment.
JavaScript SEO,Pure JS product rendering can delay indexing and reduce crawl reliability.,High,Created crawlable HTML product/category pages while keeping JS catalog for shopping UX.,Submit sitemap in Google Search Console.
Meta titles/descriptions,Titles/descriptions must be unique and descriptive at page level.,Medium,"Generated SEO titles, descriptions, canonical links and OG/Twitter tags.",Manually rewrite top revenue product titles for stronger conversion.
AEO answer readiness,AI/answer engines need concise product facts and FAQ-style answers.,Medium,"Added answer engine summary blocks, FAQ page, FAQ schema and product facts.","Add brand FAQs, warranty, payment methods and human support hours."
GEO/local intent,Catalog lacked location-specific buying intent.,Medium,Added Pakistan delivery intent and editable geo fields in CSV.,"Add actual cities served, delivery times and warehouse address if public."
Images,Some rows can have missing/weak image alt text.,Medium,Generated image alt tags and product image galleries.,Replace missing images and compress large assets via CDN.
Video SEO,Video URLs existed but were not surfaced.,Low,Product pages include video links and VideoObject markup when available.,Host videos with thumbnails and upload dates for richer eligibility.
Shopping support,Customers need guided help on large catalogs.,Medium,Added iframe chatbot page and floating JavaScript widget.,Connect optional AI backend if you want real LLM answers.
Conversion UX,Large product tables are hard to browse.,Medium,"Added cards, filters, voice search, image-assisted search, CSV export and product tables.",Add cart/payment integration when payment provider is ready.
